{"loss": 0.543487012386322, "accuracy": 0.8099715709686279, "f1": 0.7693297266960144}